{
    "metadata": {
        "generator": "io_three",
        "uvs": 0,
        "normals": 8,
        "faces": 6,
        "type": "Geometry",
        "version": 3,
        "vertices": 8,
        "materials": 1
    },
    "uvs": [],
    "normals": [0.577349,-0.577349,-0.577349,0.577349,-0.577349,0.577349,-0.577349,-0.577349,0.577349,-0.577349,-0.577349,-0.577349,0.577349,0.577349,-0.577349,-0.577349,0.577349,-0.577349,-0.577349,0.577349,0.577349,0.577349,0.577349,0.577349],
    "faces": [35,0,1,2,3,0,0,1,2,3,35,4,7,6,5,0,4,5,6,7,35,0,4,5,1,0,0,4,7,1,35,1,5,6,2,0,1,7,6,2,35,2,6,7,3,0,2,6,5,3,35,4,0,3,7,0,4,0,3,5],
    "vertices": [1,0.166069,-1,1,0.166069,1,-1,0.166069,1,-1,0.166069,-1,1,2.16607,-1,0.999999,2.16607,1,-1,2.16607,1,-1,2.16607,-1],
    "name": "CubeGeometry",
    "materials": [{
        "transparent": false,
        "DbgName": "Material",
        "DbgColor": 15658734,
        "colorSpecular": [0.5,0.5,0.5],
        "depthWrite": true,
        "blending": "NormalBlending",
        "depthTest": true,
        "wireframe": false,
        "colorEmissive": [0,0,0],
        "visible": true,
        "colorDiffuse": [0.64,0.64,0.64],
        "specularCoef": 50,
        "DbgIndex": 0,
        "opacity": 1,
        "colorAmbient": [0.64,0.64,0.64],
        "shading": "phong"
    }]
}